ID,Typology,Area,Plot,Building,Colour
be49f53d-2a79-4d59-a0f4-39cfbccac1ef,Commercial,1696.329992,YH090703-05, ,#FF8DA2
186a8323-9d4e-4307-8d0a-32207f5acf58,Commercial,2896.125039,YH090703-04,Tower 03,#FF8DA2
2fce15ca-9547-40c0-b47c-831838e39a1f,Commercial,2056.249041,YH090703-04,Tower 03,#FF8DA2
179dbd06-4328-4b56-8b6c-e3bdf2979253,Commercial,2056.249041,YH090703-04,Tower 03,#FF8DA2
e8dfed03-a169-40ae-a274-c37d146433d9,Commercial,1696.329992,YH090703-05, ,#FF8DA2
2fc749c3-b1d5-486c-acb0-d7460c6d7e83,Commercial,2896.125039,YH090703-04,Tower 03,#FF8DA2
908f4034-35c9-493d-afa9-33c1c7bfcfc4,Commercial,2896.125039,YH090703-04,Tower 03,#FF8DA2
cf996d75-7d5d-48a9-8a69-80af8b1491cd,Commercial,2896.125039,YH090703-04,Tower 03,#FF8DA2
783936b9-7b40-4182-98a8-739cef4652e1,Commercial,2056.249041,YH090703-04,Tower 03,#FF8DA2
62a99ddf-5de7-4da5-9f5b-d5081cd340f1,Commercial,2896.125039,YH090703-04,Tower 03,#FF8DA2
249bb3ec-0b9a-42a6-a40c-90169d9169f4,Commercial,949.21875,YH090703-07,Tower 01,#FF8DA2
b8d4e5f1-ca29-45aa-af74-ea720c48e5bf,Commercial,379.23013,YH090703-07,Tower 01,#FF8DA2
2b5ab7bb-aee2-4337-a4f1-aaf6f4b6e2ef,Commercial,1012.5,YH090703-07,Tower 01,#FF8DA2
74ff155f-2d48-4a3e-bf22-9263253abdd5,Commercial,1012.5,YH090703-07,Tower 01,#FF8DA2
0d2cca91-ee9c-4bb2-b5fd-018ed98cf486,Commercial,1012.5,YH090703-07,Tower 01,#FF8DA2
5ae3f5a0-81e4-48b0-b81c-5d879287312f,Commercial,1012.5,YH090703-07,Tower 01,#FF8DA2
0b634aff-5dde-4df7-92bb-39d1fbc5bbcb,Commercial,1012.5,YH090703-07,Tower 01,#FF8DA2
a97e71cd-acad-4e97-b1d1-237bee6e28d5,Commercial,1012.5,YH090703-07,Tower 01,#FF8DA2
824fc751-c9d4-4ec4-a408-808cca1b5a0b,Commercial,1012.5,YH090703-07,Tower 01,#FF8DA2
2a20ba80-6ce6-487d-9e80-597a9262b2a8,Commercial,1012.5,YH090703-07,Tower 01,#FF8DA2
56d3d1a1-5859-4783-a4e3-f45fa8196094,Commercial,1012.5,YH090703-07,Tower 01,#FF8DA2
84f885f3-4ddb-43c6-8dc0-696909163c45,Commercial,1012.5,YH090703-07,Tower 01,#FF8DA2
f0a1764c-627b-40f9-b0c4-e5967601297d,Commercial,949.21875,YH090703-07,Tower 01,#FF8DA2
834eb7c7-72d4-459b-9bf2-1ddba07f58bb,Commercial,379.23013,YH090703-07,Tower 01,#FF8DA2
03b204a2-f6b4-44fe-9f73-e2f285df5cdf,Commercial,1012.5,YH090703-07,Tower 01,#FF8DA2
16b21739-1ae0-43e9-b498-74ed2bc26a31,Commercial,1012.5,YH090703-07,Tower 01,#FF8DA2
809e3ed3-d702-4ba6-8de4-7dddbcd63e68,Commercial,801.005051,YH090703-07,Tower 01,#FF8DA2
fd16eec0-84c5-4275-80e9-fbc206fa3b47,Commercial,1012.5,YH090703-07,Tower 01,#FF8DA2
67308c7c-8e42-43af-96ff-7878d9754718,Commercial,801.005051,YH090703-07,Tower 01,#FF8DA2
b870d37b-94b9-4d96-9fb8-6434bd98dc5a,Commercial,1012.5,YH090703-07,Tower 01,#FF8DA2
3c588650-743f-464f-9946-5b5ac2dae605,Commercial,1012.5,YH090703-07,Tower 01,#FF8DA2
4326303c-11c7-4baf-967f-a03aabe3ce71,Commercial,801.005051,YH090703-07,Tower 01,#FF8DA2
5d32c81d-c44d-47d5-89bb-f09f6b10a033,Commercial,801.005051,YH090703-07,Tower 01,#FF8DA2
f0c224c2-8679-43d3-8487-ab2a2f809d56,Commercial,801.005051,YH090703-07,Tower 01,#FF8DA2
4400b82e-0cd9-4960-9b77-e543fbe07253,Commercial,801.005051,YH090703-07,Tower 01,#FF8DA2
95b8714e-5844-46aa-b61c-f216bc7fbf96,Commercial,801.005051,YH090703-07,Tower 01,#FF8DA2
a39f3b7a-7963-4fad-a230-8bf0cf7b0106,Commercial,1012.5,YH090703-07,Tower 01,#FF8DA2
a80be191-11cb-448c-8cb6-2c46d2f9c8e0,Commercial,801.005051,YH090703-07,Tower 01,#FF8DA2
678f2017-97cd-4258-9ebb-febd220200d2,Commercial,1012.5,YH090703-07,Tower 01,#FF8DA2
8d7da8e0-8242-45f1-8789-98ec0427f647,Commercial,801.005051,YH090703-07,Tower 01,#FF8DA2
8f1137ab-fa81-4973-99be-e72db9018410,Commercial,1012.5,YH090703-07,Tower 01,#FF8DA2
4acc0ae5-43f8-4801-b8a7-2f9ec84dfac2,Commercial,801.005051,YH090703-07,Tower 01,#FF8DA2
33c4e349-4930-4f34-8bbb-a5c18519ab2d,Commercial,1012.5,YH090703-07,Tower 01,#FF8DA2
7ea59d12-e148-43f7-9349-c431c8eddb19,Commercial,801.005051,YH090703-07,Tower 01,#FF8DA2
24aeabb4-12c5-4b33-8e40-89646f0cacb9,Commercial,1012.5,YH090703-07,Tower 01,#FF8DA2
16a8ea4c-a67b-4c8d-b1df-905fafbfb0fc,Commercial,801.005051,YH090703-07,Tower 01,#FF8DA2
b4f41a5e-8bf4-4b07-9b0f-7dfaf6c392cb,Commercial,1012.5,YH090703-07,Tower 01,#FF8DA2
bf89bfe8-ee0d-4d15-90fd-38bf08fdad1e,Commercial,801.005051,YH090703-07,Tower 01,#FF8DA2
8500573d-f541-4c4f-8a58-22e16f49a980,Commercial,1012.5,YH090703-07,Tower 01,#FF8DA2
cfd35603-ab62-467b-84e3-6822cc93aea4,Commercial,801.005051,YH090703-07,Tower 01,#FF8DA2
bd558fff-ba75-49e8-a71d-ec61096568a5,Commercial,1012.5,YH090703-07,Tower 01,#FF8DA2
410239d8-8595-4d71-8ad6-64a8ca4c62dd,Commercial,801.005051,YH090703-07,Tower 01,#FF8DA2
a7e69ed6-e120-458b-b4ee-4f0c26a36741,Commercial,1012.5,YH090703-07,Tower 01,#FF8DA2
d52894e9-7ab8-4505-9020-7a7ac021b7ec,Commercial,801.005051,YH090703-07,Tower 01,#FF8DA2
b877a5a8-c533-4bf5-b659-93b7a26fee56,Commercial,926.845877,YH090703-07,Tower 01,#FF8DA2
e8290849-5839-4c7f-945e-65c0d43a9644,Commercial,801.005051,YH090703-07,Tower 01,#FF8DA2
d9c2b722-117c-47d5-ae29-7471552c2822,Commercial,379.23013,YH090703-07,Tower 01,#FF8DA2
e6753468-e175-4445-b7e6-b15a56fe6fc4,Commercial,1012.5,YH090703-07,Tower 01,#FF8DA2
6db2bf30-c767-49ef-b714-542d18389a55,Commercial,801.005051,YH090703-07,Tower 01,#FF8DA2
c886cd7d-e144-4aae-9901-6ef2594a5dfc,Commercial,1012.5,YH090703-07,Tower 01,#FF8DA2
3df2c28e-70d3-4be1-acab-70f3786dad66,Commercial,801.005051,YH090703-07,Tower 01,#FF8DA2
e09c6531-11b8-43cc-a48b-ab7e8a08ad2a,Commercial,1012.5,YH090703-07,Tower 01,#FF8DA2
47818759-b3ad-4bf6-8c55-0233b2110af7,Commercial,801.005051,YH090703-07,Tower 01,#FF8DA2
c96c74ae-2695-4d36-86d0-4c5065c6adba,Commercial,1012.5,YH090703-07,Tower 01,#FF8DA2
e430bca5-186f-4be3-8da5-69453fd0a5c3,Commercial,801.005051,YH090703-07,Tower 01,#FF8DA2
288f1619-08e7-4257-bf25-9cdcb9c76501,Commercial,1012.5,YH090703-07,Tower 01,#FF8DA2
50acce5b-c87b-422f-8fcd-43499f73e878,Commercial,1012.5,YH090703-07,Tower 01,#FF8DA2
6e3c6f41-a2bb-417d-b577-70fba218b8bf,Commercial,801.005051,YH090703-07,Tower 01,#FF8DA2
c06e558e-bfe8-4b4d-8c4c-b5a32f5dda89,Commercial,1012.5,YH090703-07,Tower 01,#FF8DA2
98f517ff-87bb-47b4-9125-6b270f8389e8,Commercial,1012.5,YH090703-07,Tower 01,#FF8DA2
0768ef95-4c4c-4ee9-a13c-c94aa6211b19,Commercial,801.005051,YH090703-07,Tower 01,#FF8DA2
3dd013de-d021-4eb2-b60b-f6aa3d5e86ba,Commercial,1012.5,YH090703-07,Tower 01,#FF8DA2
2665da0f-c33e-4e8e-bac4-b5520f43f4ff,Commercial,1012.5,YH090703-07,Tower 01,#FF8DA2
9910bf3f-6872-4ab0-bf5e-7241d5f3cda7,Commercial,801.005051,YH090703-07,Tower 01,#FF8DA2
fc221cd1-d0af-485c-bfa0-f6c397498567,Commercial,1012.5,YH090703-07,Tower 01,#FF8DA2
4c2d56dd-a5c1-4fcf-9eb8-0991595f0bab,Commercial,1012.5,YH090703-07,Tower 01,#FF8DA2
d708d2d3-6675-4e7c-9eb8-40c0768d3706,Commercial,801.005051,YH090703-07,Tower 01,#FF8DA2
3a542e65-c94f-4221-ad0e-7f0a56ca2657,Commercial,1012.5,YH090703-07,Tower 01,#FF8DA2
43a228ef-1378-4093-b9a5-95cbae0d9981,Commercial,1012.5,YH090703-07,Tower 01,#FF8DA2
b32f8e58-8e7d-409d-aa9a-281142587bf9,Commercial,801.005051,YH090703-07,Tower 01,#FF8DA2
d65821c6-df40-4e2d-820e-920e97165503,Commercial,926.845877,YH090703-07,Tower 01,#FF8DA2
36967939-8661-4b2a-aed8-aa3e457b2946,Commercial,1012.5,YH090703-07,Tower 01,#FF8DA2
70bdf217-272b-49d4-8b7a-3a8b2d553041,Commercial,801.005051,YH090703-07,Tower 01,#FF8DA2
d2fdc22e-08a5-40e5-81df-b38027b8c83e,Commercial,379.23013,YH090703-07,Tower 01,#FF8DA2
5965feaa-900d-45a7-9323-10fa8971dbe5,Commercial,1012.5,YH090703-07,Tower 01,#FF8DA2
ff8878a5-8b22-4cc9-92e0-8efd4cc4a1f3,Commercial,801.005051,YH090703-07,Tower 01,#FF8DA2
73a10cb0-bc50-44ae-8763-5cb137730637,Commercial,1012.5,YH090703-07,Tower 01,#FF8DA2
a0bfb20b-b9cf-48b5-a3b9-a5d06e99a8c9,Commercial,1012.5,YH090703-07,Tower 01,#FF8DA2
686badad-43ca-422d-a2fa-26392aaae71b,Commercial,801.005051,YH090703-07,Tower 01,#FF8DA2
29e3822a-1e21-42d6-8bfc-ab6a9385b8cd,Commercial,1012.5,YH090703-07,Tower 01,#FF8DA2
552db3a5-18ad-4a8e-b386-2560a26cbbd0,Commercial,801.005051,YH090703-07,Tower 01,#FF8DA2
0e4c5d83-e92a-454a-b54c-ca039f8eb3ab,Commercial,1012.5,YH090703-07,Tower 01,#FF8DA2
6327934a-031d-455c-99d9-a151314b9cd4,Commercial,801.005051,YH090703-07,Tower 01,#FF8DA2
c70c9259-c000-4f6f-a766-af289b9cf60f,Commercial,1012.5,YH090703-07,Tower 01,#FF8DA2
ee06c6fc-f570-4aa6-9700-c876ec32aa10,Commercial,801.005051,YH090703-07,Tower 01,#FF8DA2
f82ec349-d7f8-4cc0-b80a-c08b6c4331b4,Commercial,1012.5,YH090703-07,Tower 01,#FF8DA2
2afab381-bad1-416f-a256-358048661365,Commercial,1012.5,YH090703-07,Tower 01,#FF8DA2
706d7761-a0fb-4b9d-a29c-97f75a6bf0c8,Commercial,801.005051,YH090703-07,Tower 01,#FF8DA2
7d9a4a51-9da4-4755-b5b5-2968ebb77570,Commercial,1012.5,YH090703-07,Tower 01,#FF8DA2
596fdb85-0731-49ef-9b89-e08fc2ae4444,Commercial,1012.5,YH090703-07,Tower 01,#FF8DA2
968be0ea-17b1-4216-8157-8cd344bd661c,Commercial,801.005051,YH090703-07,Tower 01,#FF8DA2
7fdcb8f0-50e5-4ab2-a508-92c2612b4187,Commercial,1012.5,YH090703-07,Tower 01,#FF8DA2
b6335610-b6ca-43a9-8c37-89d63356cc75,Commercial,1012.5,YH090703-07,Tower 01,#FF8DA2
03ec8a46-e6af-4769-bc5a-a77200db7604,Commercial,801.005051,YH090703-07,Tower 01,#FF8DA2
55637ff3-9564-4a2c-9b3e-bb5771bae2fc,Commercial,1012.5,YH090703-07,Tower 01,#FF8DA2
553b1486-965b-4d7a-890d-5ae3c551e3e0,Commercial,801.005051,YH090703-07,Tower 01,#FF8DA2
1f813cea-e3d5-4a76-a77e-ad29ad3e5b53,Commercial,1012.5,YH090703-07,Tower 01,#FF8DA2
fdd41e9c-7e4d-4ca1-aa00-05d249cdc889,Commercial,1012.5,YH090703-07,Tower 01,#FF8DA2
38c1b22e-e423-4011-a995-4010fc843664,Commercial,801.005051,YH090703-07,Tower 01,#FF8DA2
965dfbf0-c2a1-40e6-8bd8-7d86072d58ef,Commercial,926.845877,YH090703-07,Tower 01,#FF8DA2
9c9b124a-d00d-4ec9-918e-0ab986358360,Commercial,1012.5,YH090703-07,Tower 01,#FF8DA2
bb5bc8b8-c677-4f55-918f-3ad19a106564,Commercial,801.005051,YH090703-07,Tower 01,#FF8DA2
6c2416ee-1ed7-48fd-8223-837b81ec7e20,Commercial,1012.5,YH090703-07,Tower 01,#FF8DA2
bc2e3fd3-0cda-47fd-a08b-4ed8d1a9d0fd,Commercial,801.005051,YH090703-07,Tower 01,#FF8DA2
02fca5e3-0dcc-4f19-a061-f81593b1b161,Commercial,1012.5,YH090703-07,Tower 01,#FF8DA2
55bf8493-adc1-411e-aa57-cd29dc1ef440,Commercial,801.005051,YH090703-07,Tower 01,#FF8DA2
8f3807b7-0e68-4b2d-ba32-62eb43ef7923,Commercial,1012.5,YH090703-07,Tower 01,#FF8DA2
e5242921-529e-49ec-a296-ece3d6655167,Commercial,2080.801578,YH090703-01,Tower 02,#FF8DA2
0d1b9827-d9fd-4562-89a4-8d010b7e92f5,Commercial,1696.329992,YH090703-05, ,#FF8DA2
794be933-7ae4-4822-b1b7-2c542d766f4a,Commercial,1209.601578,YH090703-01,Tower 02,#FF8DA2
d4485121-658f-46ad-80ec-4106a59513ec,Commercial,1154.619637,YH090703-06, ,#FF8DA2
6f17b665-b854-4515-801a-90e58616f737,Commercial,1641.032498,YH090703-06, ,#FF8DA2
6805b033-eb96-49bc-9529-28322c4e4108,Commercial,1641.032498,YH090703-06, ,#FF8DA2
4abdaa03-aeb6-4ce0-bfbb-70daaca5e99d,Commercial,1641.032498,YH090703-06, ,#FF8DA2
aa224459-48c9-4ac4-b421-53d69afdc8b7,Commercial,1641.032498,YH090703-06, ,#FF8DA2
7762d00a-94c8-48c9-bbfc-ea9d8c2583c6,Commercial,1641.032498,YH090703-06, ,#FF8DA2
aea8edb5-2f49-4625-8b98-9733d21ca1e9,Commercial,1641.032498,YH090703-06, ,#FF8DA2
c4e261d5-7186-4aa1-ac92-5a3f3385386a,Commercial,1641.032498,YH090703-06, ,#FF8DA2
0ab0da5a-aeef-4347-91b6-ca20fff97fc0,Commercial,1641.032498,YH090703-06, ,#FF8DA2
1ba7169a-0128-4e59-8749-ac18089ef8e1,Commercial,1641.032498,YH090703-06, ,#FF8DA2
64db6450-bd13-4c65-a93d-2f1f2e89fb3f,Commercial,1641.032498,YH090703-06, ,#FF8DA2
23084ff1-a805-4438-91c0-c86cfeeb4bef,Commercial,1641.032498,YH090703-06, ,#FF8DA2
7a6e32d0-ccd2-41d2-8b04-00cad13046ea,Commercial,1641.032498,YH090703-06, ,#FF8DA2
7318aa8f-9d65-4d33-b7a1-3d9f5dd55021,Commercial,1641.032498,YH090703-06, ,#FF8DA2
0dfdf42e-dc03-42c5-91f0-2dd2d3ad704c,Commercial,2080.801578,YH090703-01,Tower 02,#FF8DA2
b6f0fe30-a2d0-4eb3-a716-adafb125b4cd,Commercial,1641.032498,YH090703-06, ,#FF8DA2
fe2dfd93-e51d-4562-96df-a14371c9aabc,Commercial,2080.801578,YH090703-01,Tower 02,#FF8DA2
2862f714-6da6-4134-86b3-b99a7c8aa4f7,Commercial,1641.032498,YH090703-06, ,#FF8DA2
3e781983-18c8-45e3-ae96-05163427720a,Commercial,2080.801578,YH090703-01,Tower 02,#FF8DA2
368ba33b-07ad-44a5-8990-35f01f9b61e9,Commercial,2080.801578,YH090703-01,Tower 02,#FF8DA2
e42d59cb-92b2-4e5e-8886-4755d8668495,Commercial,2080.801578,YH090703-01,Tower 02,#FF8DA2
6aeeeb77-e7b5-4a3c-960e-12f19550f540,Commercial,1209.602761,YH090703-01,Tower 02,#FF8DA2
e1215062-e5e8-449a-b4a8-5b7256e16381,Commercial,1209.602761,YH090703-01,Tower 02,#FF8DA2
6623979b-8ef7-463c-9f3e-2dc125673567,Commercial,2080.801578,YH090703-01,Tower 02,#FF8DA2
3ff7019d-f046-45a2-a8cc-f9a8b2ea56c0,Commercial,1641.032498,YH090703-06, ,#FF8DA2
2e0c4099-57fc-4dac-85c7-4e058fefd18f,Commercial,2080.801578,YH090703-01,Tower 02,#FF8DA2
ad480c14-d6df-4b92-8501-f80461ed8422,Commercial,2080.801578,YH090703-01,Tower 02,#FF8DA2
f3b3bd3b-c3d8-4854-800b-8f845f8aec9d,Commercial,1696.329992,YH090703-05, ,#FF8DA2
73660bb1-4b0a-411a-8fdd-4783a922318d,Commercial,2080.801578,YH090703-01,Tower 02,#FF8DA2
29bc51f5-6d72-4c97-bf83-3b6e337169dc,Commercial,1641.032498,YH090703-06, ,#FF8DA2
6c3bad58-7eb6-449c-9b22-49c035de5eff,Commercial,2080.801578,YH090703-01,Tower 02,#FF8DA2
815b2edb-dd6f-4d59-9e0e-1c3f451efb2b,Commercial,1209.602761,YH090703-01,Tower 02,#FF8DA2
681ab26e-4c8b-46e0-9612-8a13f5bbf539,Commercial,1209.602761,YH090703-01,Tower 02,#FF8DA2
c5df558e-0378-49e7-85c2-bf97ed1fc681,Commercial,2080.801578,YH090703-01,Tower 02,#FF8DA2
40b8692f-bef2-4ce9-a532-1c6d5668f0ce,Commercial,2080.801578,YH090703-01,Tower 02,#FF8DA2
1d51b223-be83-449e-9e5c-c3a199e7cd92,Commercial,2080.801578,YH090703-01,Tower 02,#FF8DA2
fe6f50a5-13d9-4995-9cde-916e596b4a5e,Commercial,2080.801578,YH090703-01,Tower 02,#FF8DA2
277e8a09-1ab2-4020-919d-1e583aee90ad,Commercial,2080.801578,YH090703-01,Tower 02,#FF8DA2
ca9b9f7e-160e-424c-97b2-815bf28696a5,Commercial,2080.801578,YH090703-01,Tower 02,#FF8DA2
7cce3f48-0d99-412d-b317-87271c3b3abb,Commercial,2080.801578,YH090703-01,Tower 02,#FF8DA2
be85b257-8815-4261-beb5-279b8af185cb,Commercial,1209.602761,YH090703-01,Tower 02,#FF8DA2
1f679219-964d-4a45-bcfd-2402c4a0040c,Commercial,1209.602761,YH090703-01,Tower 02,#FF8DA2
dc5bdd36-0917-46d7-96b1-4cad6c03b2a7,Commercial,2080.801578,YH090703-01,Tower 02,#FF8DA2
1fd2dbb2-e0f3-46f9-ab19-fc4cbfc6a235,Commercial,2080.801578,YH090703-01,Tower 02,#FF8DA2
122ecf1c-4273-4647-b6bf-38437172f276,Commercial,2080.801578,YH090703-01,Tower 02,#FF8DA2
29eae870-53f3-4e51-8bae-d73250656a61,Commercial,2080.801578,YH090703-01,Tower 02,#FF8DA2
e3b31dcc-5f95-4050-9b13-8b3ad489e60e,Commercial,2080.801578,YH090703-01,Tower 02,#FF8DA2
b41aa6d5-d376-4e23-a516-2ed2d87f5932,Commercial,2080.801578,YH090703-01,Tower 02,#FF8DA2
1c1f12f0-414e-46c7-96ab-4cd651fa0b45,Commercial,2080.801578,YH090703-01,Tower 02,#FF8DA2
c25d21b9-0e87-4fef-b01f-07069f688a4f,Commercial,2080.801578,YH090703-01,Tower 02,#FF8DA2
68556bad-a9e2-421f-8303-ca5e2baf1030,Commercial,2080.801578,YH090703-01,Tower 02,#FF8DA2
3ea5eac5-2766-4575-b32a-7ef1c745f7eb,Commercial,1641.032498,YH090703-06, ,#FF8DA2
5ff1ecd2-8b1f-4f3d-ad19-0ef7b52ce348,Commercial,1641.032498,YH090703-06, ,#FF8DA2
559cf906-c5a8-4324-8667-b14cbd05432d,Commercial,1641.032498,YH090703-06, ,#FF8DA2
7f76f051-294c-4189-b657-25e6ff6c5090,Commercial,1641.032498,YH090703-06, ,#FF8DA2
68be1be8-2e33-4d62-bc9d-7ec41f7785b5,Commercial,1696.329992,YH090703-05, ,#FF8DA2
50526ad5-5090-4c80-a364-322f5a5d6016,Commercial,1696.329992,YH090703-05, ,#FF8DA2
5867a56e-25d3-42d1-aaee-e7bf3b4efa28,Commercial,1696.329992,YH090703-05, ,#FF8DA2
92a5882b-fe1c-4f1a-9dee-a6ebd1857c0d,Commercial,1696.329992,YH090703-05, ,#FF8DA2
bcfe0ba0-584f-4e41-9541-a257c7bf59df,Commercial,2896.125039,YH090703-04,Tower 03,#FF8DA2
d6556c7d-0eda-4536-b373-edfc4b9d45bc,Commercial,1696.329992,YH090703-05, ,#FF8DA2
e4fbef20-ad28-4d7e-8570-ff7bbf173ba2,Commercial,2896.125039,YH090703-04,Tower 03,#FF8DA2
6d13795e-aff3-4181-a2b4-dabe49bafdf2,Commercial,1696.329992,YH090703-05, ,#FF8DA2
e4d1d78d-a381-4c9f-88c3-fdf78d7e7a00,Commercial,1696.329992,YH090703-05, ,#FF8DA2
7c43b762-3c7d-43f2-8fe7-f911e82cb898,Commercial,1696.329992,YH090703-05, ,#FF8DA2
5d5d1dea-17ed-420a-8a73-6db4584553f8,Commercial,2896.125039,YH090703-04,Tower 03,#FF8DA2
0f5690ae-bae0-4809-b8a2-15f985e845e0,Commercial,1696.329992,YH090703-05, ,#FF8DA2
8ea3a4ec-70d1-4a77-baf8-8f633662c065,Commercial,2896.125039,YH090703-04,Tower 03,#FF8DA2
e409f230-a930-47f8-82be-44008f1c5cdb,Commercial,2896.125039,YH090703-04,Tower 03,#FF8DA2
7890dfb0-698a-4271-a2ea-76b33ab96242,Commercial,1696.329992,YH090703-05, ,#FF8DA2
e28b92d0-0201-4928-896b-f4ebcfa7f2e9,Commercial,2896.125039,YH090703-04,Tower 03,#FF8DA2
705bb9f5-c565-4253-bfce-2f1e77708447,Commercial,1696.329992,YH090703-05, ,#FF8DA2
2bb5977a-27c9-422e-83a9-314456bdd8c1,Commercial,1696.329992,YH090703-05, ,#FF8DA2
3dde3744-7ab8-4bdd-a5c4-970b02fcfe76,Commercial,1696.329992,YH090703-05, ,#FF8DA2
b2cafb0c-f30b-4fa2-bffb-4fb539e367b8,Commercial,1696.329992,YH090703-05, ,#FF8DA2
4d28f127-6f5f-4b22-a986-5a70a8020948,Commercial,1696.329992,YH090703-05, ,#FF8DA2
ab046253-365e-497a-929e-d2fb0f7ea50b,Commercial,1696.329992,YH090703-05, ,#FF8DA2
cefab4af-222d-4e6e-a30f-fede2a0e3465,Commercial,1966.398805,YH090703-06, ,#FF8DA2
2a0e4882-ae3b-48f1-b180-a48c562376b9,Commercial,1696.329992,YH090703-05, ,#FF8DA2
7c63eef5-64b3-47fc-82d1-e618ef3ee65a,Commercial,1966.398805,YH090703-06, ,#FF8DA2
afb1394c-92a2-4b1e-a1ca-3f079216c811,Commercial,1209.601578,YH090703-01,Tower 02,#FF8DA2
3b563a0e-789c-4cf1-bf53-42f999d8e2b5,Commercial,1154.619637,YH090703-06, ,#FF8DA2
c230bfbd-ff8f-4bc6-8cad-e4af5ef1e981,Commercial,1696.329992,YH090703-05, ,#FF8DA2
8251460f-45f6-4702-a47d-b89cb6651b67,Commercial,2226.287041,YH090703-06, ,#FF8DA2
e3f05d96-cc22-4ef1-bbcf-1189ebadf933,Commercial,3312.938841,YH090703-07,Podium,#FF8DA2
7168c115-a67e-4cbc-a886-04445592ed27,Commercial,2226.287041,YH090703-06, ,#FF8DA2
eb5e0546-b24b-446b-8424-df25f7215b53,Commercial,3312.938841,YH090703-07,Podium,#FF8DA2
42d8256e-401c-4ddc-974f-dc86dc63d13f,Commercial,2226.287041,YH090703-06, ,#FF8DA2
f515aaf3-fa97-47d2-ab21-fd5841e19ce9,Commercial,2102.94,YH090703-06, ,#FF8DA2
a471ebdd-e29c-40a3-96ba-27cd813b6eb3,Commercial,3312.938841,YH090703-07,Podium,#FF8DA2
714080cf-2f0e-40f0-973c-6445b49267b8,Commercial,3173.274456,YH090703-06, ,#FF8DA2
ebf01472-1a93-488c-9ff1-d8474b1a190b,Commercial,3173.274456,YH090703-06, ,#FF8DA2
26050861-1801-4781-9b2f-9c7a5374993c,Hotel,1878.383031,YH090703-03, ,#FFEDFF
bcad3764-c7bf-4883-ad6d-0cec3a235b9e,Hotel,1878.383031,YH090703-03, ,#FFEDFF
05ff8c87-876d-4ed3-b265-b80577118324,Hotel,1878.383031,YH090703-03, ,#FFEDFF
df846b33-ae51-4997-8916-fd144bf91b28,Hotel,1878.383031,YH090703-03, ,#FFEDFF
92070d8d-d726-4eaf-9fc4-2802e40f73cc,Hotel,1878.383031,YH090703-03, ,#FFEDFF
a101173d-91ac-4fb9-8fae-f6361de59381,Hotel,1878.383031,YH090703-03, ,#FFEDFF
e0f6fd72-36d0-442a-98c3-80be9095fc9b,Hotel,1878.383031,YH090703-03, ,#FFEDFF
43ce7176-b03f-41f9-873f-f1d8a8147aee,Hotel,1878.383031,YH090703-03, ,#FFEDFF
380fe57a-7d2b-47bc-8fad-a9bdfd4d34d2,Hotel,1878.383031,YH090703-03, ,#FFEDFF
0761ba73-d807-4c60-a27e-e3869fb1d2d0,Hotel,1878.383031,YH090703-03, ,#FFEDFF
9ac15787-6da9-434c-8330-2d9670066e1c,Hotel,802.011372,YH090703-07,Tower 01,#FFEDFF
45ee3453-f164-49dc-a728-f93d6c464365,Hotel,1641.032498,YH090703-06, ,#FFEDFF
80ae44fc-9613-42d9-a98c-9a6fa829b4d6,Hotel,1641.032498,YH090703-06, ,#FFEDFF
06043a93-3f4e-4415-81b4-b53f6c2faf4d,Hotel,1641.032498,YH090703-06, ,#FFEDFF
529b0502-cf67-4638-a51d-64732e999d0e,Hotel,1641.032498,YH090703-06, ,#FFEDFF
dc514877-6caf-44ca-a726-51991d596e08,Hotel,1641.032498,YH090703-06, ,#FFEDFF
40b4ad64-d6a2-4454-9941-845c385bcd20,Hotel,1641.032498,YH090703-06, ,#FFEDFF
6b32fb6d-937b-4417-b959-9b40c99dd00c,Hotel,1641.032498,YH090703-06, ,#FFEDFF
3bcfe007-66fc-441a-888c-f1131e173a09,Hotel,1641.032498,YH090703-06, ,#FFEDFF
33c81343-ba8a-4cc9-8088-7177d1f3af06,Hotel,1641.032498,YH090703-06, ,#FFEDFF
e92863b0-3a39-45a6-8872-93324874ffda,Hotel,1641.032498,YH090703-06, ,#FFEDFF
024c10ad-6d15-4a0f-954c-bdd993e74b0a,Hotel,1641.032498,YH090703-06, ,#FFEDFF
e424815b-a7e9-4779-a9b9-e23d9da58f76,Hotel,1641.032498,YH090703-06, ,#FFEDFF
87332bc2-7043-47d4-9d55-7272904985fb,Hotel,1641.032498,YH090703-06, ,#FFEDFF
02a3fa40-7c6c-4df4-9db3-7e2c8967a1e5,Hotel,1641.032498,YH090703-06, ,#FFEDFF
afc0bb9c-755e-42dd-a608-61117a843171,Hotel,1641.032498,YH090703-06, ,#FFEDFF
788ae9b2-cd5d-4642-8a02-4fede7197193,Hotel,1641.032498,YH090703-06, ,#FFEDFF
bf872847-636e-4541-b9d6-02145d33f25c,Landscape,46.70861,YH090703-03, ,#CFFF98
3267cfd0-2c31-437a-971e-bc7e98eb65a3,Landscape,155.257524,YH090703-03, ,#CFFF98
73d4c405-d28e-482d-b971-9de0c6f92651,Landscape,56.287939,YH090703-03, ,#CFFF98
f56c6aca-c899-463d-b7a0-473d2215ed13,Landscape,71.867707,YH090703-03, ,#CFFF98
6bfce11f-32ff-4d7b-b53e-24ad2b0f2d20,Landscape,119.857522,YH090703-03, ,#CFFF98
5ef9572c-d621-4664-a8be-51313b852631,Landscape,58.05752,YH090703-03, ,#CFFF98
77f051bd-bcd2-4d96-a1b6-910d114d7a29,Landscape,150.757524,YH090703-03, ,#CFFF98
75b97260-63be-4463-86dd-b6fcaae51016,Landscape,40.657521,YH090703-03, ,#CFFF98
7be79e07-f5e1-4a13-a31e-96c9d074168f,Landscape,405.0,YH090703-03, ,#CFFF98
a013f4c6-ead2-4532-9722-253db07286c8,Landscape,234.142036,YH090703-03, ,#CFFF98
eee4e21b-1919-48d7-ae31-1d90f423ef00,Landscape,98.794166,YH090703-03, ,#CFFF98
981a3665-8af0-418d-8eb2-23651c56ea5d,Landscape,118.708583,YH090703-03, ,#CFFF98
90388ad7-f154-48d2-94f6-c81bba3fcfef,Landscape,419.384781,YH090703-03, ,#CFFF98
f397e0eb-71b7-4fc1-a0ec-d4562c91fc98,Landscape,819.0,YH090703-03, ,#CFFF98
908a2b2a-adeb-493f-aae8-8192b2e90bcd,Landscape,342.0,YH090703-03, ,#CFFF98
3c17df8b-ec4c-48a8-969c-ac75bca53465,Landscape,252.0,YH090703-03, ,#CFFF98
a545a304-0592-42c9-984b-90c880020022,Landscape,244.39349,YH090703-03, ,#CFFF98
0a9fa972-1a86-40db-ae3c-c89b83394caf,Landscape,47.312698,YH090703-03, ,#CFFF98
a19eb490-99d9-49ea-9958-e3671f70c3fd,Landscape,51.622818,YH090703-03, ,#CFFF98
37719147-4964-43dd-b899-4594179af331,Landscape,60.639205,YH090703-03, ,#CFFF98
33b72950-3de9-4470-b341-f438ca8d8d7e,Landscape,76.697437,YH090703-03, ,#CFFF98
c3c9ec13-719d-4d44-823e-451df4cec362,Landscape,191.992535,YH090703-03, ,#CFFF98
5d559fc0-6cac-470f-ab1f-19b765c24b7c,Landscape,107.841555,YH090703-03, ,#CFFF98
49fdcf38-3d7f-47b3-b396-1e472ced3525,Landscape,109.008182,YH090703-03, ,#CFFF98
29172c89-8b11-4c5c-81ca-5475361b94b0,Landscape,35.200001,YH090703-03, ,#CFFF98
a1c088fa-5479-4a50-b21c-3a8bc918b082,Landscape,37.199997,YH090703-03, ,#CFFF98
94b03deb-a695-4dba-b3a8-62fba2b4f03d,Landscape,18.599795,YH090703-03, ,#CFFF98
5a1e2819-dc7b-4e79-b359-5f8f9593916c,Landscape,49.562811,YH090703-03, ,#CFFF98
f4206814-2014-41fd-b3e4-964ec4cd6c9f,Landscape,91.000002,YH090703-03, ,#CFFF98
ba60b3cf-ddfb-4901-b383-7c4c297d3737,Landscape,260.4,YH090703-03, ,#CFFF98
494fcf82-0a1d-47f3-82a3-475ffb0a5de5,Landscape,236.66705,YH090703-03, ,#CFFF98
a353da88-6c8b-4ccb-b91f-0a21c526e3c8,Landscape,321.290316,YH090703-03, ,#CFFF98
f3fe9c3b-341e-40ab-a196-0836ee517588,Landscape,154.835863,YH090703-03, ,#CFFF98
a7012dd6-2f99-4902-bba5-a5153e9cee1a,Landscape,90.0,YH090703-07,Podium,#CFFF98
aa429b05-43d6-41f1-a842-705c9eb32ab1,Landscape,202.345391,YH090703-04,Tower 03,#CFFF98
8a501263-9d29-4a8d-9438-a94074634bb5,Landscape,551.99803,YH090703-04,Podium,#CFFF98
035b2433-4b38-46d4-9a86-593a9db604a4,Landscape,545.999015,YH090703-04,Podium,#CFFF98
3d6c60af-8305-4dd8-97a5-8be3ab2700eb,Landscape,822.0,YH090703-04,Podium,#CFFF98
6df84799-3c75-4636-b972-70188bf6be14,Landscape,308.925958,YH090703-04,Podium,#CFFF98
f1bdbe8a-27d6-4835-9342-88125b0e5fe9,Landscape,89.662973,YH090703-04,Podium,#CFFF98
6e912a26-375e-44e5-be2d-d83438477608,Landscape,312.9,YH090703-04,Podium,#CFFF98
8d27fe84-fa3d-4006-81f2-3759598701ed,Landscape,301.642592,YH090703-04,Podium,#CFFF98
df073e5f-f5c6-47ff-b25b-e61f029509c7,Landscape,121.534406,YH090703-04,Podium,#CFFF98
06207c78-025f-44cb-b9d8-2a3b26bd5bc9,Landscape,216.0,YH090703-04,Podium,#CFFF98
eb9369ce-00d3-4166-8ca6-6437117fb901,Landscape,41.58485,YH090703-04,Podium,#CFFF98
41e17373-a450-424d-b237-9df456fde543,Landscape,46.312051,YH090703-04,Podium,#CFFF98
426a6c5c-7efa-4cea-8ff4-f0a4859a9118,Landscape,79.669568,YH090703-04,Podium,#CFFF98
9cd34a1c-0446-4f91-aec1-b8055fb69c60,Landscape,60.493344,YH090703-04,Podium,#CFFF98
726be572-4df1-416e-8c87-e9492f1da52d,Landscape,40.7434,YH090703-04,Podium,#CFFF98
f3e95558-301e-4c32-82e1-a23825961b47,Landscape,70.663014,YH090703-04,Podium,#CFFF98
f61b0d53-4664-41bc-b766-0670560dc896,Landscape,117.678611,YH090703-04,Podium,#CFFF98
5e30c33c-af91-461d-be39-518d7477a4b3,Landscape,48.809221,YH090703-04,Podium,#CFFF98
8d198e8d-48d6-44eb-a383-fcb11317a296,Landscape,159.988006,YH090703-04,Podium,#CFFF98
26740fe3-e543-40db-874c-e68363c6b321,Landscape,102.197298,YH090703-04,Podium,#CFFF98
260e5188-ed30-49ee-8707-583020a61f0c,Landscape,163.045468,YH090703-04,Podium,#CFFF98
35693a83-cb82-40f8-9ace-a2c09bcc88ba,Landscape,334.709291,YH090703-04,Podium,#CFFF98
9af21b7e-3ef3-4e40-988b-5daedf7aad6d,Landscape,225.559292,YH090703-04,Podium,#CFFF98
e14672f8-fe03-444d-a153-54a15a51f9e2,Landscape,97.370449,YH090703-04,Podium,#CFFF98
ed4754aa-d696-4ecf-b15e-fddd3786696f,Landscape,146.00929,YH090703-04,Podium,#CFFF98
051b17f7-2b36-4ab9-97b6-0f6ba38e6958,Landscape,61.147523,YH090703-04,Podium,#CFFF98
dc8df78c-c486-490c-86ee-3139060c7feb,Landscape,102.352041,YH090703-04,Podium,#CFFF98
d2d86efe-703e-42df-82e1-e29dc0957c16,Landscape,93.217522,YH090703-04,Podium,#CFFF98
424f0b3a-d9e5-46d7-9c2a-68292005f2e4,Landscape,93.217522,YH090703-04,Podium,#CFFF98
3c75585b-608a-47c5-a54f-42f4c799f3ca,Landscape,158.172623,YH090703-04,Podium,#CFFF98
36a713a1-dcf5-42c6-94b5-e6cba6305cb8,Landscape,245.274522,YH090703-04,Podium,#CFFF98
7ce3c079-d2d8-490f-b092-2a162ac5b269,Landscape,46.477522,YH090703-04,Podium,#CFFF98
679eb0be-d147-4044-b889-8ac7a8c0a86e,Landscape,51.150588,YH090703-01,Podium,#CFFF98
a05fc28b-5e3a-4d63-9a2c-7930518f29d3,Landscape,72.0,YH090703-05, ,#CFFF98
af1a93ed-ca93-41a7-88c4-76340d4dbe65,Landscape,131.318866,YH090703-05, ,#CFFF98
d9ae2620-0f7a-4301-9206-633bc5e005da,Landscape,66.010498,YH090703-05, ,#CFFF98
57a4889b-21e9-4c97-b419-34c73254fa80,Landscape,372.69,YH090703-05, ,#CFFF98
f43eb5c1-2dfe-4d0c-8f51-5275758e2cb4,Landscape,244.487362,YH090703-05, ,#CFFF98
c6c1ab8f-99ad-42d5-94ba-2c0dc30342d3,Landscape,372.69,YH090703-05, ,#CFFF98
b0d5366c-f485-44e8-a034-1aa9977fefc1,Landscape,270.000009,YH090703-05, ,#CFFF98
5de0f1fb-51ec-4f3f-af77-77119f2392ad,Landscape,422.043179,YH090703-06, ,#CFFF98
1b428f7c-8eba-4960-b420-2b0b985d8e56,Landscape,80.734119,YH090703-06, ,#CFFF98
1fd43abd-3e56-4190-b6a6-a1e21b9c6faf,Landscape,140.080036,YH090703-06, ,#CFFF98
7a1b0923-0d3d-4a5b-bce6-5e1931b46e76,Landscape,136.026997,YH090703-06, ,#CFFF98
c6d58219-0094-4077-876e-a0a82cdf7d57,Landscape,160.330128,YH090703-06, ,#CFFF98
b2f8f92c-4eda-4e5e-a67b-34d060932bf0,Landscape,307.596569,YH090703-06, ,#CFFF98
938f4be1-572a-43b1-a405-7e12bc3d7bd5,Landscape,297.418907,YH090703-06, ,#CFFF98
99639f7c-00fb-4661-9d9a-6f35329d13c9,Landscape,188.958232,YH090703-06, ,#CFFF98
135f2fb6-0758-4931-b4bb-9fb628d491b7,Landscape,504.0,YH090703-06, ,#CFFF98
bbca1b93-8390-4b7a-aba4-fa9007c30268,Landscape,504.0,YH090703-06, ,#CFFF98
a6ab024b-8c11-4aec-bfb9-6285c01f4209,Landscape,1243.57307,YH090703-06, ,#CFFF98
7b3fc414-c218-4ce2-96f1-5b3f92abb6ab,Landscape,84.5,YH090703-06, ,#CFFF98
2823a02a-d1b4-40b2-b681-8235d04f86f3,Landscape,60.007115,YH090703-06, ,#CFFF98
619429f4-7643-4fe5-a24f-5a2d0051d6f8,Landscape,97.229652,YH090703-06, ,#CFFF98
44a765de-fe86-4f9e-b79e-23dfbbdcc49b,Landscape,88.202219,YH090703-06, ,#CFFF98
c7e5b489-53fc-41f8-bfa2-a8cbcc969917,Landscape,89.999412,YH090703-06, ,#CFFF98
637cf89b-c8cc-4cb6-a7ea-b070e8980d0f,Landscape,243.91736,YH090703-06, ,#CFFF98
58d67284-578e-42e6-af3e-b0a2f28c8f94,Landscape,63.740719,YH090703-06, ,#CFFF98
0a4abf15-eefe-4742-bff5-9ec3fb22149e,Landscape,294.0,YH090703-06, ,#CFFF98
fbfbda8b-f435-4cd3-80aa-b9bbe47d385d,Landscape,33.599983,YH090703-06, ,#CFFF98
5cf271e5-150d-48a7-aa8a-a8da813549d7,Landscape,33.990598,YH090703-06, ,#CFFF98
c2af2f13-fd89-44f1-b51f-9fa590276022,Landscape,60.007115,YH090703-06, ,#CFFF98
d3243175-de87-47f5-b883-c5a627e14747,Landscape,86.793639,YH090703-06, ,#CFFF98
46ef806a-f892-49f0-b83a-6258465bf991,Landscape,60.635495,YH090703-06, ,#CFFF98
08cf756a-e8a1-4fa1-ac9c-3878b7b12b82,Landscape,75.783495,YH090703-06, ,#CFFF98
a21e1918-b1ca-4fe2-999a-581eaeeda099,Landscape,133.736599,YH090703-06, ,#CFFF98
e6ae5e76-2ec2-4345-b8c2-3f6e09a5c907,Landscape,96.559495,YH090703-06, ,#CFFF98
cc9ae120-a3a3-4029-a728-91ff25a2d162,Landscape,121.124995,YH090703-06, ,#CFFF98
349cd35f-5130-4e1e-88cc-35ef7aef84e4,Landscape,96.559495,YH090703-06, ,#CFFF98
d9036305-d38c-4957-ad3a-dda339ee377a,Landscape,121.124995,YH090703-06, ,#CFFF98
c33396b6-2bb8-45ac-a28f-bf51d0cc9ed4,Landscape,118.037409,YH090703-06, ,#CFFF98
aef607b7-470c-4f06-8e44-8fad9926f571,Landscape,551.998028,YH090703-07,Podium,#CFFF98
743f4913-d63f-4eca-a5c3-c28cf772743b,Landscape,275.999014,YH090703-07,Podium,#CFFF98
ba566be4-27c8-464b-a289-53f7c458df42,Landscape,497.500002,YH090703-07,Podium,#CFFF98
e8e0dca0-e168-47d2-9f69-a1f53956408d,Landscape,819.0,YH090703-07,Podium,#CFFF98
819efdf7-cb14-4208-bc19-d3d3bfa08f80,Landscape,329.56101,YH090703-07,Podium,#CFFF98
57cd8ae8-10a1-464b-a7d4-76869a26ff85,Landscape,166.799211,YH090703-07,Podium,#CFFF98
b9aff61e-4224-4f2d-80bd-396bf0acba38,Landscape,400.519998,YH090703-07,Podium,#CFFF98
01045c93-0f24-4ffb-ae38-102719c873de,Landscape,122.309292,YH090703-05, ,#CFFF98
e759881e-dfc6-4f2c-8aec-447a3a412646,Landscape,222.037521,YH090703-07,Podium,#CFFF98
a4c3ef4e-f5d5-43ee-bfa0-c8a4e04b4451,Landscape,243.365291,YH090703-07,Podium,#CFFF98
89d99163-3716-46e4-aede-78f6451d495a,Landscape,63.323495,YH090703-07,Podium,#CFFF98
8d3f18e2-16fc-4d91-b2b4-c77b7c615994,Landscape,56.369292,YH090703-07,Podium,#CFFF98
8ef0684a-990e-4848-836b-7161acf9ff50,Landscape,66.757432,YH090703-01,Podium,#CFFF98
c00bc7b1-28ae-4d97-83f2-3619e7af7c52,Landscape,256.337316,YH090703-07,Podium,#CFFF98
b3796748-d6e9-42ec-9852-031d371dc1f7,Landscape,124.117522,YH090703-07,Podium,#CFFF98
db9e7bd3-30d2-4117-aa68-92905b67f6b9,Landscape,191.369195,YH090703-07,Podium,#CFFF98
ad23d56e-d943-4c2b-9e01-e38abc670f8b,Landscape,256.337316,YH090703-01,Podium,#CFFF98
9152736e-83ee-4ad2-bc7b-d3f945b696be,Landscape,63.323495,YH090703-01,Podium,#CFFF98
d636b1b0-6189-474e-9f51-fef1b95a0223,Landscape,198.09,YH090703-01,Podium,#CFFF98
e3324004-bf16-40c4-bacc-acc58d3f9857,Landscape,37.175817,YH090703-01,Podium,#CFFF98
f96466cb-d35f-4b29-bdfd-c2d188caf645,Landscape,337.507399,YH090703-01,Podium,#CFFF98
a197787f-d849-4cd0-90a6-f57d35532837,Landscape,228.898823,YH090703-01,Podium,#CFFF98
833181fd-dff8-49e6-aeea-6fb19b3810aa,Landscape,202.499995,YH090703-01,Podium,#CFFF98
f12a4ee0-17b2-4da6-87ad-853457bc0ae4,Landscape,377.999996,YH090703-01,Podium,#CFFF98
1baa3e37-3508-493d-88dc-f279d95d5420,Landscape,188.19,YH090703-01,Podium,#CFFF98
113e78e4-3395-4746-81e6-2b5f8d7935f8,Landscape,198.09,YH090703-01,Podium,#CFFF98
aeffbdef-985a-47c5-807a-7ad337ae1a66,Landscape,87.75,YH090703-01,Podium,#CFFF98
d1693b78-f4e8-447b-9952-571809e559d8,Landscape,113.018866,YH090703-01,Podium,#CFFF98
7d8b7174-4fc2-4458-bffa-1468ce5c617f,Landscape,40.199474,YH090703-01,Podium,#CFFF98
ca9be155-8c8c-4d1e-9c07-5d5616f0147f,Landscape,61.532739,YH090703-01,Podium,#CFFF98
4bdf17d9-cb22-4495-94d0-b19a63368ba1,Landscape,50.210181,YH090703-01,Podium,#CFFF98
1e936ad7-b175-4721-9bdf-94c7ee434c15,Landscape,108.0,YH090703-01,Podium,#CFFF98
30283776-49b5-4c53-8c86-6fa62d74d08d,Landscape,101.557432,YH090703-01,Podium,#CFFF98
d793f801-f935-4a0b-931b-74a1826fc4ea,Landscape,186.997522,YH090703-01,Podium,#CFFF98
480e8e32-ad86-4137-aa76-5aa4f40561a1,Landscape,135.569195,YH090703-01,Podium,#CFFF98
f4dc2bd1-84a4-418d-9c0c-e1b70233ecfb,Landscape,75.839292,YH090703-01,Podium,#CFFF98
3ae3615a-23eb-47bb-b5dd-9a2768c44b71,Landscape,27.659292,YH090703-01,Podium,#CFFF98
e031f7af-801d-4c2f-ae25-daf1be81e895,Landscape,225.0674,YH090703-05, ,#CFFF98
7e0a4cd0-a826-41a8-ab51-6939f0ef39e2,Landscape,456.757399,YH090703-05, ,#CFFF98
41c648b0-9226-437a-9d33-d1acde4b9a8f,Landscape,151.29,YH090703-05, ,#CFFF98
b41a0efb-66e0-4584-9d17-69c071cb447b,Landscape,283.499993,YH090703-05, ,#CFFF98
48ee9526-5000-41dd-a8ae-3878da6770bd,Landscape,377.999996,YH090703-05, ,#CFFF98
358ed877-a1d1-424c-9566-47fc9a259fe3,Landscape,97.5,YH090703-05, ,#CFFF98
7fc5b5b8-79f3-4785-b0c1-b6c5751fc4d0,Landscape,18.000397,YH090703-05, ,#CFFF98
150fffb5-034c-43f3-aa67-e3fd03471155,Landscape,76.22,YH090703-05, ,#CFFF98
5a321492-f8cb-443f-a350-f1570013051d,Landscape,18.6,YH090703-05, ,#CFFF98
e8183668-69bf-4784-8822-3bb16a449858,Landscape,144.000795,YH090703-05, ,#CFFF98
fbfadcb2-cf89-453c-81e9-48a5c3024dd6,Landscape,27.659292,YH090703-05, ,#CFFF98
63bcd21d-4e73-410f-a25e-0a57a034508c,Landscape,101.689208,YH090703-05, ,#CFFF98
1268705d-34cc-4792-9e40-bc8c2f73a03f,Landscape,135.569195,YH090703-05, ,#CFFF98
f89680c5-2bc3-442c-95a8-3093d5a07bff,Landscape,71.909292,YH090703-05, ,#CFFF98
c4baa7a4-3e54-4d2d-98eb-912aaacda7d2,Landscape,112.859292,YH090703-05, ,#CFFF98
282abc32-3972-43ae-a9cb-b24fee2276fd,Landscape,179.999291,YH090703-05, ,#CFFF98
aa4f807d-255f-4534-9056-a5567227250f,Landscape,75.457522,YH090703-05, ,#CFFF98
e7b00a6a-56ec-49f3-a41f-7301f0740067,Landscape,110.797522,YH090703-05, ,#CFFF98
c50f2abf-3859-48fd-bab6-8fa368d9ae98,Plaza,4423.040294,YH090703-03, ,#BEBEBE
e2601aee-1ccb-42a4-9cd2-8d28a650cee9,Plaza,6762.914695,YH090703-03, ,#BEBEBE
958c5377-4a8c-4a71-ad2c-8d600d693ff9,Plaza,1981.538916,YH090703-03, ,#BEBEBE
f9665a09-de70-45c0-bd8d-ecafb1255105,Plaza,8741.704161,YH090703-01,Podium,#BEBEBE
8fb38de0-4e47-4279-a324-c5d9e2807d63,Plaza,8160.017808,YH090703-05, ,#BEBEBE
19f9104e-7d12-4450-8f3e-228810175f47,Plaza,1598.578692,YH090703-04,Podium,#BEBEBE
9d86b52f-b177-4cc5-a278-ad6ae206bcd3,Plaza,2878.901141,YH090703-04,Podium,#BEBEBE
97b0d2c9-536e-4b4d-a694-8ce38faf295b,Plaza,6281.033957,YH090703-04,Podium,#BEBEBE
34de2993-c004-41db-adfb-0ce4512ab54e,Plaza,1000.873886,YH090703-06, ,#BEBEBE
34d790d3-2f83-477f-b753-572e6ca42e0b,Plaza,153.0,YH090703-06, ,#BEBEBE
9b5c2a68-16d2-48e1-a42f-05de316f9962,Plaza,2325.97694,YH090703-06, ,#BEBEBE
7b3f2070-7079-49c3-8d89-a01cbf63bfc3,Plaza,7186.282111,YH090703-06, ,#BEBEBE
3f2d244d-bac9-4af8-b1f9-53d7769a4c43,Plaza,128.849412,YH090703-01,Podium,#BEBEBE
9328bb39-a59a-4214-849a-5a7e2f401eeb,Plaza,2244.220845,YH090703-07,Podium,#BEBEBE
683dbe59-967e-46a4-b529-2a97399cc78a,Plaza,159.0,YH090703-05, ,#BEBEBE
5c001c7f-6b70-4312-ab9e-55d80e9bcdbc,Plaza,11063.233199,YH090703-07,Podium,#BEBEBE
10281003-b72e-4512-b741-36ae22647c57,Plaza,1168.423381,YH090703-07,Podium,#BEBEBE
ba87246a-b3f5-469d-a990-fb75ea73aea2,Retail,52.067706,YH090703-03, ,#D6F040
5fc8cb32-4d70-4271-ac62-d1d8325a1957,Retail,164.942479,YH090703-03, ,#D6F040
9176f74d-c956-4d24-ae38-34758fb94aa2,Retail,62.33142,YH090703-03, ,#D6F040
6bfb88ef-e43c-445a-a173-f7faebc46011,Retail,269.76104,YH090703-03, ,#D6F040
0b6a3dc3-52b0-452b-b503-a5e85c17cfd4,Retail,75.253696,YH090703-03, ,#D6F040
5b45b30e-6496-4724-8f72-d47d2738fe22,Retail,110.563599,YH090703-03, ,#D6F040
501c8852-d878-402d-a441-3e976aed6283,Retail,121.402477,YH090703-03, ,#D6F040
052401c9-7863-44aa-baf3-b4499ca348eb,Retail,43.068583,YH090703-03, ,#D6F040
23b1dc5d-e5f9-423b-b090-fa12eed5eefc,Retail,61.068582,YH090703-03, ,#D6F040
da951738-9d28-44ab-9cee-88c98279a399,Retail,155.568586,YH090703-03, ,#D6F040
69c9e6ee-cf96-4d79-b89f-6e260de7e39f,Retail,1025.269904,YH090703-03, ,#D6F040
e23e50ca-7e6a-4abb-8d5a-237abd6495e4,Retail,2142.0,YH090703-03, ,#D6F040
d78c0063-1dd4-4bc2-a441-82ebda97373e,Retail,755.775066,YH090703-03, ,#D6F040
6d64932c-b00c-475a-b7a9-33112ec2050d,Retail,1972.2092,YH090703-03, ,#D6F040
aa69f9c2-3b88-4ed3-a7b4-8e19cf03d95e,Retail,1972.2092,YH090703-03, ,#D6F040
08d9df0f-065b-47b8-8dec-58ea199d8bd5,Retail,1341.459003,YH090703-03, ,#D6F040
5c197e00-ae34-47b3-aea2-85004807f0c8,Retail,1972.2092,YH090703-03, ,#D6F040
87e9a8e4-6bef-4907-90ab-448a058c30f3,Retail,1341.459003,YH090703-03, ,#D6F040
e32cf71d-8287-475c-af56-a125dab29d97,Retail,164.942479,YH090703-03, ,#D6F040
24cb67d0-a21f-475f-85bb-51e3b539d0bf,Retail,164.942479,YH090703-03, ,#D6F040
aa37bc3f-f831-4a97-879f-3c01dc117cf2,Retail,124.068584,YH090703-03, ,#D6F040
0ae34a59-7673-4d89-902a-ec5616ed15de,Retail,269.76104,YH090703-03, ,#D6F040
a9fe0189-b532-4e5a-9858-403729a117fa,Retail,4521.057153,YH090703-03, ,#D6F040
276381dc-f61b-4609-8419-5b5a52cde6e6,Retail,755.775066,YH090703-03, ,#D6F040
4d11ca23-1354-4ee5-895e-f0e291900e57,Retail,4521.057153,YH090703-03, ,#D6F040
79d783f5-cc5e-4da9-9e93-7cc5312fe0fa,Retail,770.099832,YH090703-03, ,#D6F040
7deead8b-7753-4b9d-923e-5b7eac4b3d5e,Retail,483.544694,YH090703-03, ,#D6F040
cee459cc-b4bb-4a9b-ad13-a6a6e717550b,Retail,4521.057153,YH090703-03, ,#D6F040
573151a6-dbab-4291-afb5-574dbcf42e2b,Retail,483.544694,YH090703-03, ,#D6F040
43049b69-9d95-4c50-b6ec-4229ebe1c51f,Retail,770.099832,YH090703-03, ,#D6F040
87fea568-5810-4276-9490-860ffd78510a,Retail,2142.0,YH090703-03, ,#D6F040
3caf6860-a59d-41b9-8e0e-30f85dfd1893,Retail,224.999012,YH090703-03, ,#D6F040
c4e47094-516b-4261-a043-4db25170d102,Retail,1025.269904,YH090703-03, ,#D6F040
85715eb1-cff7-419c-97b6-2872d4e48a61,Retail,43.068583,YH090703-03, ,#D6F040
d063cead-108b-45e7-a653-5ef6463c003d,Retail,105.969817,YH090703-04,Podium,#D6F040
a491d42a-444e-417d-bab9-41ea67c55084,Retail,1654.890041,YH090703-04,Podium,#D6F040
ae0b1771-2ae6-49e0-8ac9-4cf8e91568bf,Retail,368.081755,YH090703-04,Podium,#D6F040
8cf31d17-3954-487f-bb4e-103fbcfb3030,Retail,611.94,YH090703-04,Podium,#D6F040
134e3b0f-4dd4-4751-9451-4268383657b9,Retail,1091.677379,YH090703-04,Podium,#D6F040
02f8ee0e-e8a8-4f11-9121-5bb792851d56,Retail,611.94,YH090703-04,Podium,#D6F040
5b3c2f20-ea4a-45ee-a070-efccae55a39b,Retail,1091.677379,YH090703-04,Podium,#D6F040
a131c947-31ef-4b49-b552-deaa500f375a,Retail,1008.967123,YH090703-04,Podium,#D6F040
0f8299b9-ab04-499b-bc72-57eeaec92aec,Retail,121.839591,YH090703-04,Podium,#D6F040
545b6fca-ff87-4cd8-8b49-3cb786b227ec,Retail,3090.123796,YH090703-04,Podium,#D6F040
69284677-f14e-4830-813e-7d646689b52e,Retail,51.802477,YH090703-04,Podium,#D6F040
4cb51484-6faa-429a-96c3-3a7ede1dc0d4,Retail,168.692771,YH090703-04,Podium,#D6F040
caea46f2-3f7b-4997-a838-b2aaba4b3f0e,Retail,3926.166557,YH090703-04,Podium,#D6F040
c0c263d5-05ae-429e-8ac3-73745588cc89,Retail,3525.90195,YH090703-04,Podium,#D6F040
1be3e3d9-63f1-45db-bad7-1c9683725d33,Retail,101.302477,YH090703-04,Podium,#D6F040
e0e49fba-53c2-4e87-97d4-ac7c607fc050,Retail,51.802477,YH090703-04,Podium,#D6F040
2ce71ec4-06cf-4c6f-9066-7b20fd7037ee,Retail,1008.967123,YH090703-04,Podium,#D6F040
57a3f433-cf7a-4a3f-a865-bc794e913363,Retail,64.218585,YH090703-04,Podium,#D6F040
222a75ec-2287-458b-8562-4273edb45f06,Retail,121.839591,YH090703-04,Podium,#D6F040
08cb1a65-579a-4f51-8329-d0062d454383,Retail,349.068583,YH090703-04,Podium,#D6F040
ff07ea2d-ae6f-422c-a41e-3cd96d50061e,Retail,237.318583,YH090703-04,Podium,#D6F040
b6e3bcd1-a46b-4adc-ab0e-855509f453d1,Retail,105.969817,YH090703-04,Podium,#D6F040
77b2253b-6c98-4744-8a4d-dfb50889a3f7,Retail,155.568581,YH090703-04,Podium,#D6F040
a3e24fdd-0a08-480a-882f-b61a825292b8,Retail,101.302477,YH090703-04,Podium,#D6F040
577c8eca-c864-49c4-b0b2-efed95079cba,Retail,168.692771,YH090703-04,Podium,#D6F040
dc107ad6-5ef3-407c-8b63-32088cf65784,Retail,257.669968,YH090703-04,Podium,#D6F040
6bb51dc2-fd7e-4a0d-b5fd-1cb39bfec208,Retail,51.802477,YH090703-04,Podium,#D6F040
4ed3070b-b933-47be-bc23-12c6d1ff00d5,Retail,802.011372,YH090703-07,Tower 01,#D6F040
4b944fa2-e5a3-455f-82e7-3d650107fb55,Retail,802.011372,YH090703-07,Tower 01,#D6F040
c0fef150-7025-4252-8011-8bf463d12c8a,Retail,949.21875,YH090703-07,Tower 01,#D6F040
ad376a9c-b4a5-4c9b-92fd-54a90e035b95,Retail,801.005051,YH090703-07,Tower 01,#D6F040
2a1917c5-9fc2-4a88-a611-bde2be23a020,Retail,801.005051,YH090703-07,Tower 01,#D6F040
353ea1c1-1c3a-413e-9604-5cca005d2391,Retail,1012.5,YH090703-07,Tower 01,#D6F040
8b008c2b-60b6-40ad-9c03-da16cfdf643b,Retail,801.005051,YH090703-07,Tower 01,#D6F040
41f59f15-25ca-4036-8d4a-e8ca308e960f,Retail,801.005051,YH090703-07,Tower 01,#D6F040
1c0da196-2129-421d-b85e-6bf4b55fed22,Retail,138.533658,YH090703-06, ,#D6F040
1ea637a2-1043-40de-84f1-23ef0d929274,Retail,801.005051,YH090703-07,Tower 01,#D6F040
0788c75c-67ba-40cc-bcaf-c8ba475f0a78,Retail,801.005051,YH090703-07,Tower 01,#D6F040
2817059a-3660-4fb0-9d56-34d161cf4cc7,Retail,801.005051,YH090703-07,Tower 01,#D6F040
4a62b0ed-b6a9-42fe-a78e-1edc8fe680f8,Retail,1012.5,YH090703-07,Tower 01,#D6F040
1c7fdbd0-e936-4a1c-b18a-f29a2b27d5e8,Retail,379.23013,YH090703-07,Tower 01,#D6F040
748d5494-4a51-423c-8c4c-15cc08cfa623,Retail,1012.5,YH090703-07,Tower 01,#D6F040
01ed3f7d-e9bf-4d98-87a6-f4a3388cafce,Retail,801.005051,YH090703-07,Tower 01,#D6F040
6293a2c0-c88d-4daf-91a8-0ac6c4885583,Retail,541.869235,YH090703-01,Podium,#D6F040
0ccbbe57-f518-46ce-83e3-9d6891a57703,Retail,1019.309807,YH090703-07,Podium,#D6F040
268dbfb2-31de-4513-8ca5-5a5e0e40b6cc,Retail,678.66877,YH090703-07,Podium,#D6F040
6872c839-6645-4b8e-9448-949e8ba21caf,Retail,256.476583,YH090703-07,Podium,#D6F040
3997c72c-5830-4382-8dee-e2572d92bbdd,Retail,947.865371,YH090703-05, ,#D6F040
49812e9b-6bd6-4b50-8485-cbce5ee87369,Retail,829.44,YH090703-06, ,#D6F040
4a0a4a8a-478a-4328-93e9-57f76bbba664,Retail,807.841209,YH090703-06, ,#D6F040
15a3ae54-56aa-4011-83a3-02e1387fb827,Retail,242.337249,YH090703-06, ,#D6F040
ab6a8895-c7db-4f2c-b352-9d8659849566,Retail,1209.351173,YH090703-07,Podium,#D6F040
17768367-aba7-476b-bb8f-361f53816470,Retail,1351.44,YH090703-01,Podium,#D6F040
bced5893-9c59-4f46-8306-496fbd344b45,Retail,1671.839986,YH090703-01,Podium,#D6F040
17641007-7840-47db-a197-7470ce585efe,Retail,559.947709,YH090703-06, ,#D6F040
a91ab6f9-3f08-428b-b6cf-7b2f8acc4c1d,Retail,616.30752,YH090703-06, ,#D6F040
e2025310-6572-440e-ae4c-d4abb03e8c88,Retail,1787.939985,YH090703-05, ,#D6F040
a27ab4ed-6275-4f15-931d-93cf104d5596,Retail,1751.04,YH090703-05, ,#D6F040
3bc4576d-faae-4d4b-9e6f-419e90374b19,Retail,1209.351173,YH090703-07,Podium,#D6F040
27ebba81-8ce6-41b0-a15a-cc64dafa2d4c,Retail,1351.44,YH090703-01,Podium,#D6F040
0157e1dd-8f6f-4dee-ac2c-92d2b96ebc4b,Retail,1671.839986,YH090703-01,Podium,#D6F040
22173906-4e5d-4dea-83a8-819752276643,Retail,559.947709,YH090703-06, ,#D6F040
39ee5b64-16a0-4c0c-9ccb-a9165f9c4768,Retail,616.30752,YH090703-06, ,#D6F040
32e9edd4-7f95-45ac-8244-13d41b6845a8,Retail,1787.939985,YH090703-05, ,#D6F040
807db659-b168-40aa-9feb-b3814fe72c7a,Retail,1751.04,YH090703-05, ,#D6F040
ea9d6945-2085-4eeb-9772-f3c0391260a0,Retail,191.118583,YH090703-05, ,#D6F040
2c3f0ccc-528a-471f-bc44-1856d9fb7bbd,Retail,1722.24,YH090703-06, ,#D6F040
193467f8-c4bf-4fc4-9001-b7ca75f646f6,Retail,117.790628,YH090703-01,Podium,#D6F040
33015565-db46-4b88-8391-3b4ad97c9318,Retail,2644.249287,YH090703-07,Podium,#D6F040
f48fc59e-9407-472d-bba4-4363ecfa23b0,Retail,1496.775259,YH090703-01,Podium,#D6F040
2ae6dc54-b013-4d75-a007-4a3a99dd334a,Retail,1988.286512,YH090703-05, ,#D6F040
042abc26-2d68-4b02-88cc-b833f9cdea1a,Retail,2644.249287,YH090703-07,Podium,#D6F040
db6f764d-afed-473d-b4ea-b32774002618,Retail,1045.427024,YH090703-01,Podium,#D6F040
bffd741b-05c1-4466-84fa-2a4fa6638f5b,Retail,1536.938277,YH090703-05, ,#D6F040
cb9ef395-2682-4a85-a4aa-3ae44948a9f2,Retail,4524.073125,YH090703-04,Podium,#D6F040
4393a6ac-18d5-48db-99b6-6c7b42029529,Retail,1496.775259,YH090703-01,Podium,#D6F040
35b2d7ab-619d-4755-b772-e906efb3cae2,Retail,1988.286512,YH090703-05, ,#D6F040
3ae8d4c2-6d16-4cb6-afae-f0c5d2caa08b,Retail,131.318866,YH090703-05, ,#D6F040
5c38e859-4e32-48bb-b891-4f64b57ed03a,Retail,251.118421,YH090703-05, ,#D6F040
5e3f14ee-3dbb-4ebc-ad2c-22b8c3f6ae64,Retail,138.533658,YH090703-06, ,#D6F040
3b875ba4-0b5c-405b-9268-1c9e4aefb375,Retail,122.568467,YH090703-06, ,#D6F040
b55d64e2-a586-42c8-a001-64b17c9778c7,Retail,262.668374,YH090703-07,Podium,#D6F040
43e40802-49c7-4d84-ab29-df805bf2235d,Retail,205.968481,YH090703-07,Podium,#D6F040
4e003444-c6db-4c23-bb99-58c3069e807d,Retail,262.668374,YH090703-01,Podium,#D6F040
68f7293f-4311-4125-9bf3-9e70ddeb22c1,Retail,117.790628,YH090703-01,Podium,#D6F040
7de1f7b6-8162-40ad-a7d0-68a252061eb4,Retail,146.568481,YH090703-01,Podium,#D6F040
511d385c-34bc-48a0-ad3e-17e7b7f44502,Retail,111.168493,YH090703-05, ,#D6F040
a04fd3c1-bb2a-4430-b129-25bd6d76b363,Retail,146.568481,YH090703-05, ,#D6F040
b22ebb4f-e1f9-412a-b62b-f9f4601b3f3c,Retail,242.337249,YH090703-06, ,#D6F040
330fc769-9ca9-42cd-886d-c6e68e073887,Retail,807.841209,YH090703-06, ,#D6F040
27a100c1-f1e3-48f5-9546-1a8796f9666e,Retail,678.66877,YH090703-07,Podium,#D6F040
986a1551-14d8-467b-b489-bed5c9210332,Retail,1019.309807,YH090703-07,Podium,#D6F040
f5f3f9be-8156-49be-bb40-385883618d90,Retail,541.869235,YH090703-01,Podium,#D6F040
af78ddaf-eb35-4f9b-b97c-cdbcc79c777f,Retail,947.865371,YH090703-05, ,#D6F040
3007ed4f-32e7-4ae2-9fc4-7e325de60c27,Retail,31.818583,YH090703-05, ,#D6F040
c0cc4cb9-44df-4b8a-9400-7c23ca6c371b,Retail,136.690628,YH090703-05, ,#D6F040
2110ef04-caf9-4802-a3dc-407b172f85d8,Retail,251.118421,YH090703-05, ,#D6F040
762d8ecb-1cb1-40b5-8dd0-41259360b6e0,Retail,67.188583,YH090703-06, ,#D6F040
2b42af7b-2ce1-4511-aa9e-e0a0fb5e0a2b,Retail,104.352583,YH090703-06, ,#D6F040
15025a73-7f2c-4b88-961d-dd72d9cffced,Retail,129.854083,YH090703-06, ,#D6F040
8b44c91a-7d94-4c11-9c91-615ea3091fd5,Retail,104.352583,YH090703-06, ,#D6F040
f658f09d-faba-4d3a-b591-ab2562c27b7a,Retail,129.854083,YH090703-06, ,#D6F040
abbdc619-40f6-4865-a05c-c9797c59dce7,Retail,122.568467,YH090703-06, ,#D6F040
b2e3bea9-423c-4642-a2ef-8643011c6ac2,Retail,133.068583,YH090703-05, ,#D6F040
5da3c18a-0de4-4101-ad3d-d6c6e7e76028,Retail,228.468583,YH090703-07,Podium,#D6F040
0d871716-5a27-419f-a9d6-6fb8be1284fd,Retail,256.476583,YH090703-07,Podium,#D6F040
f7b04bd4-84e0-4df5-8c86-9df6cde7eac8,Retail,70.068583,YH090703-07,Podium,#D6F040
bbcb1606-742b-4759-9262-17399476a4f8,Retail,62.328583,YH090703-07,Podium,#D6F040
def9ed62-c992-4555-b825-23826e34b662,Retail,262.668374,YH090703-07,Podium,#D6F040
65a1d9e1-ecdc-4fa9-8d51-0269a026b79b,Retail,128.568583,YH090703-07,Podium,#D6F040
8ac8440c-a810-4279-b3d4-3d514ddc3356,Retail,205.968481,YH090703-07,Podium,#D6F040
2d781f1d-2401-408b-bf23-fdf7ad5eb082,Retail,146.568481,YH090703-01,Podium,#D6F040
daa88525-673e-4498-8762-55466c0ddc2c,Retail,31.818583,YH090703-01,Podium,#D6F040
a409efd5-6660-4fe9-8b17-49aba2e2a284,Retail,262.668374,YH090703-01,Podium,#D6F040
c3531133-29d8-4d37-839b-f2620842609f,Retail,70.06849,YH090703-01,Podium,#D6F040
ef4e3b4d-f9bd-40bb-ac0e-d8c9823a93df,Retail,106.06849,YH090703-01,Podium,#D6F040
cb2c0259-bba4-4589-ad03-631752b54079,Retail,70.068583,YH090703-01,Podium,#D6F040
c7717db0-8b45-4c69-81d3-18567e49cee7,Retail,192.468583,YH090703-01,Podium,#D6F040
46e6b7f6-2ebb-4feb-8bbd-72e160bc8be9,Retail,83.118583,YH090703-01,Podium,#D6F040
35e32c2d-eb7b-4bfd-94fc-bd8f02bab12f,Retail,111.168493,YH090703-05, ,#D6F040
4139ac39-bebf-4d0a-8aab-a6e4e7ecd163,Retail,146.568481,YH090703-05, ,#D6F040
c40ac6c6-3e3d-4533-879b-cc54840107e6,Retail,79.068583,YH090703-05, ,#D6F040
5b4cd68b-6654-438d-bab0-6c8adfdfab20,Retail,121.818583,YH090703-05, ,#D6F040
93dcc6cb-280b-4ce2-a7aa-58f9455859d2,Retail,191.118583,YH090703-05, ,#D6F040
4d012fc5-19a5-4e6e-96b8-6b32291659a2,Retail,79.068583,YH090703-05, ,#D6F040
1ddb21dd-2c36-43f7-baf8-ff6268439b8a,Retail,115.068583,YH090703-05, ,#D6F040
